{"cameraMode":{"drawMode":0,"name":"Shaded","section":"Shading Mode"},"sceneLighting":true,"audioPlay":false,"sceneViewState":{"m_AlwaysRefresh":false,"showFog":true,"showSkybox":true,"showFlares":true,"showImageEffects":true,"showParticleSystems":true,"showVisualEffectGraphs":true,"m_FxEnabled":true},"in2DMode":false,"pivot":{"x":-8.178443908691407,"y":-0.03939342498779297,"z":-5.020777702331543},"rotation":{"x":0.09423037618398667,"y":0.7440930604934692,"z":-0.10743913799524307,"w":0.6526153087615967},"size":2.1981961727142336,"orthographic":false}